acc_train, acc_dev, loss, val_loss, epochs_run, Fscore, precision, recall
0.8100420832633972, 0.7978644371032715, 0.774843156337738, 0.9090660810470581, 24, 0.8003364294868809, 0.8114346105228462, 0.7982566273932253